dealer_id,dealer_name,sub_dealer_id,sub_dealer_name,,
(牛牛牛)亞證卷,6010,(牛牛牛)亞證卷,6010,,
(牛牛牛)亞證卷,6010,(牛牛牛)亞-網路,6012,,
(牛牛牛)亞證卷,6010,(牛牛牛)亞-鑫豐,0036003000310064,,
口袋證卷,6620,口袋證卷,6620,,
土　　銀,1030,土　　銀,1030,,
土　　銀,1030,土銀台中,1031,,
土　　銀,1030,土銀台南,1032,,
土　　銀,1030,土銀高雄,1033,,
土　　銀,1030,土銀嘉義,1034,,
土　　銀,1030,土銀新竹,1035,,
土　　銀,1030,土銀玉里,1036,,
土　　銀,1030,土銀花蓮,1037,,
土　　銀,1030,土銀和平,1038,,
土　　銀,1030,土銀士林,1039,,
土　　銀,1030,土銀建國,0031003000330041,,
土　　銀,1030,土銀彰化,0031003000330042,,
土　　銀,1030,土銀白河,0031003000330043,,
土　　銀,1030,土銀南港,0031003000330046,,
大和國泰,8890,大和國泰,8890,,
大    昌,6460,大    昌,6460,,
大    昌,6460,大昌樹林,6461,,
大    昌,6460,大昌安康,6462,,
大    昌,6460,大昌新竹,6463,,
大    昌,6460,大昌新店,6464,,
大    昌,6460,大昌桃園,6465,,
大    展,5050,大    展,5050,,
大    展,5050,大展台南,5058,,
 中國信託      ,6160, 中國信託      ,6160,,
 中國信託      ,6160, 中信三重      ,6161,,
 中國信託      ,6160, 中信託忠      ,6162,,
 中國信託      ,6160, 中信託永      ,6163,,
 中國信託      ,6160, 中信託文      ,6164,,
 中國信託      ,6160, 中信託新      ,6165,,
 中國信託      ,6160, 中信松江      ,6167,,
 中國信託      ,6160, 中信嘉義      ,6168,,
 中國信託      ,6160, 中信中壢,0036003100360041,,
 中國信託      ,6160, 中信託高      ,003600310036004b,,
 中國信託      ,6160, 中國信託-國際證卷  ,0036003100360058,,
中農,8520,中農,8520,,
 元大    ,9800, 元大    ,9800,,
 元大    ,9800, 元大城東,9801,,
 元大    ,9800, 元大斗六,0039003800300043,,
 元大    ,9800, 元大北府,0039003800300044,,
 元大    ,9800, 元大沙鹿,0039003800300064,,
 元大    ,9800, 元大清水,0039003800300065,,
 元大    ,9800, 元大台北,0039003800300068,,
 元大    ,9800, 元大竹科,003900380030004b,,
 元大    ,9800, 元大虎尾,003900380030006c,,
 元大    ,9800, 元大南崁,0039003800300051,,
 元大    ,9800, 元大南海,0039003800300052,,
 元大    ,9800, 元大府城,0039003800300075,,
 元大    ,9800, 元大西屯,0039003800300077,,
 元大    ,9800, 元大台中,9812,,
 元大    ,9800, 元大八德,9813,,
 元大    ,9800, 元大大益,9814,,
 元大    ,9800, 元大大灣,9815,,
 元大    ,9800, 元大新竹,9816,,
 元大    ,9800, 元大東泰,9817,,
 元大    ,9800, 元大歸仁,0039003800310061,,
 元大    ,9800, 元大鶯歌,0039003800310041,,
 元大    ,9800, 元大竹北,0039003800310042,,
 元大    ,9800, 元大路竹,0039003800310043,,
 元大    ,9800, 元大南投,0039003800310044,,
 元大    ,9800, 元大佳里,0039003800310065,,
 元大    ,9800, 元大發財,0039003800310045,,
 元大    ,9800, 元大福營,0039003800310046,,
 元大    ,9800, 元大大里,0039003800310067,,
 元大    ,9800, 元大大里德芳,0039003800330057,,
 元大    ,9800, 元大彰化,0039003800310047,,
 元大    ,9800, 元大屏生,0039003800310068,,
 元大    ,9800, 元大天母,0039003800310049,,
 元大    ,9800, 元大西螺,0039003800310069,,
 元大    ,9800, 元大士林,003900380031006a,,
 元大    ,9800, 元大林園,003900380031004b,,
 元大    ,9800, 元大莒光,003900380031004c,,
 元大    ,9800, 元大前金,003900380031006d,,
 元大    ,9800, 元大苗栗,003900380031004d,,
 元大    ,9800, 元大金門,003900380031004e,,
 元大    ,9800, 元大旗山,003900380031006e,,
 元大    ,9800, 元大松山,0039003800310070,,
 元大    ,9800, 元大太平,0039003800310051,,
 元大    ,9800, 元大萬華,0039003800310071,,
 元大    ,9800, 元大竹山,0039003800310052,,
 元大    ,9800, 元大屏南,0039003800310072,,
 元大    ,9800, 元大崇德,0039003800310053,,
 元大    ,9800, 元大華山,0039003800310055,,
 元大    ,9800, 元大民雄,0039003800310056,,
 元大    ,9800, 元大新生,0039003800310058,,
 元大    ,9800, 元大善化,0039003800310079,,
 元大    ,9800, 元大大統,003900380031007a,,
 元大    ,9800, 元大潮州,003900380031005a,,
 元大    ,9800, 元大學府,9822,,
 元大    ,9800, 元大向上,9824,,
 元大    ,9800, 元大新營,9825,,
 元大    ,9800, 元大永康,9829,,
 元大    ,9800, 元大羅東,0039003800320041,,
 元大    ,9800, 元大博愛,0039003800320042,,
 元大    ,9800, 元大六合,0039003800320043,,
 元大    ,9800, 元大忠鼎,0039003800320046,,
 元大    ,9800, 元大四維,9831,,
 元大    ,9800, 元大敦化,9833,,
 元大    ,9800, 元大中壢,9834,,
 元大    ,9800, 元大員林中山,9835,,
 元大    ,9800, 元大中山北路,0039003800300061,,
 元大    ,9800, 元大北港,9837,,
 元大    ,9800, 元大豐原,9838,,
 元大    ,9800, 元大林森,0039003800330042,,
 元大    ,9800, 元大竹東,0039003800330066,,
 元大    ,9800, 元大上新,0039003800330047,,
 元大    ,9800, 元大大雅,0039003800330069,,
 元大    ,9800, 元大仁愛,003900380033006a,,
 元大    ,9800, 元大學甲,003900380033004b,,
 元大    ,9800, 元大木柵,003900380033004d,,
 元大    ,9800, 元大大安,003900380033004e,,
 元大    ,9800, 元大頭份,0039003800330055,,
 元大    ,9800, 元大竹南,0039003800330056,,
 元大    ,9800, 元大鳳山,003900380033005a,,
 元大    ,9800, 元大大直,9846,,
 元大    ,9800, 元大新中,0039003800340043,, 
 元大    ,9800, 元大南勢,0039003800340045,,
 元大    ,9800, 元大景美,0039003800340048,,
 元大    ,9800, 元大館前,003900380034004b,,
 元大    ,9800, 元大永春,9852,,
 元大    ,9800, 元大南屯,9853,,
 元大    ,9800, 元大興安,9854,,
 元大    ,9800, 元大花蓮,9856,,
 元大    ,9800, 元大蘆洲,9857,,
 元大    ,9800, 元大龍潭,9858,,
 元大    ,9800, 元大經國,9859,,
 元大    ,9800, 元大鳳中,0039003800350043,,
 元大    ,9800, 元大岡山,0039003800350046,,
 元大    ,9800, 元大南京,9862,,
 元大    ,9800, 元大和平,9863,,
 元大    ,9800, 元大民權,9867,,
 元大    ,9800, 元大文心,9868,,
 元大    ,9800, 元大新盛,9869,,
 元大    ,9800, 元大基孝,003900380036004b,,
 元大    ,9800, 元大忠孝,9871,,
 元大    ,9800, 元大復北,9872,,
 元大    ,9800, 元大雙和,9874,,
 元大    ,9800, 元大永寧,9875,,
 元大    ,9800, 元大金華,9878,,
 元大    ,9800, 元大板三,9879,,
 元大    ,9800, 元大楊梅,0039003800370041,,
 元大    ,9800, 元大斗信,9884,,
 元大    ,9800, 元大鑫永,9888,,
 元大    ,9800, 元大員林,9889,,
 元大    ,9800, 元大桃園,0039003800380042,,
 元大    ,9800, 元大三重,0039003800380043,,
 元大    ,9800, 元大北三重,0039003800390056,,
 元大    ,9800, 元大長庚,0039003800380056,,
 元大    ,9800, 元大永和,9891,,
 元大    ,9800, 元大屏東,9892,,
 元大    ,9800, 元大大天,9893,,
 元大    ,9800, 元大桃興,9894,,
 元大    ,9800, 元大台南,9896,,
 元大    ,9800, 元大土城,9897,,
 元大    ,9800, 元大新莊,9898,,
 元大    ,9800, 元大淡水,9899,,
 元大    ,9800, 元大北投,0039003800390041,,
 元大    ,9800, 元大苑裡,0039003800390061,,
 元大    ,9800, 元大中港,0039003800390042,,
 元大    ,9800, 元大板橋,0039003800390043,,
 元大    ,9800, 元大北屯,0039003800390064,,
 元大    ,9800, 元大左營,0039003800390044,,
 元大    ,9800, 元大中和,0039003800390065,,
 元大    ,9800, 元大草屯,0039003800390045,,
 元大    ,9800, 元大東港,0039003800390066,,
 元大    ,9800, 元大高雄,0039003800390046,,
 元大    ,9800, 元大大同,0039003800390047,,
 元大    ,9800, 元大嘉義,0039003800390067,,
 元大    ,9800, 元大蘆中,0039003800390049,,
 元大    ,9800, 元大彰生,003900380039004a,,
 元大    ,9800, 元大樹林,003900380039006a,,
 元大    ,9800, 元大古亭,003900380039006b,,
 元大    ,9800, 元大成功,003900380039004c,,
 元大    ,9800, 元大信義,003900380039006d,,
 元大    ,9800, 元大內湖,003900380039004e,,
 元大    ,9800, 元大敦南,0039003800390050,,
 元大    ,9800, 元大汐止,0039003800390051,,
 元大    ,9800, 元大鹿港,0039003800390053,,
 元大    ,9800, 元大大甲,0039003800390055,,
 元大    ,9800, 元大站前,0039003800390057,,
 元大    ,9800, 元大三民,0039003800390058,,
 元大    ,9800, 元大基隆,0039003800390059,,
 元大    ,9800, 元大小港,003900380039005a,,
 元大期貨,2200, 元大期貨,2200,,
 元    富,5920, 元    富,5920,,
 元    富,5920, 元富高雄,5921,,
 元    富,5920, 元富新店,5922,,
 元    富,5920, 元富三重,5923,,
 元    富,5920, 元富台中,5925,,
 元    富,5920, 元富林園,5927,,
 元    富,5920, 元富新莊,5928,,
 元    富,5920, 元富台南,5929,,
 元    富,5920, 元富松德,0035003900320061,,
 元    富,5920, 元富緯城,0035003900320041,,
 元    富,5920, 元富永和,0035003900320042,,
 元    富,5920, 元富板橋,0035003900320062,,
 元    富,5920, 元富烏日,0035003900320063,,
 元    富,5920, 元富潮洲,0035003900320043,,
 元    富,5920, 元富大昌,0035003900320044,,
 元    富,5920, 元富城中,0035003900320045,,
 元    富,5920, 元富中原,0035003900320067,,
 元    富,5920, 元富新竹,0035003900320047,,
 元    富,5920, 元富信義,0035003900320048,,
 元    富,5920, 元富中港,0035003900320069,,
 元    富,5920, 元富嘉義,0035003900320049,,
 元    富,5920, 元富大裕,003500390032006c,,
 元    富,5920, 元富中壢,003500390032004c,,
 元    富,5920, 元富成功,003500390032006d,,
 元    富,5920, 元富彰化,003500390032004d,,
 元    富,5920, 元富西松,003500390032006e,,
 元    富,5920, 元富虎尾,003500390032004e,,
 元    富,5920, 元富新興,003500390032006f,,
 元    富,5920, 元富同大,0035003900320050,,
 元    富,5920, 元富屏東,0035003900320071,,
 元    富,5920, 元富敦南,0035003900320051,,
 元    富,5920, 元富城東,0035003900320072,,
 元    富,5920, 元富基隆,0035003900320053,,
 元    富,5920, 元富世貿,0035003900320075,,
 元    富,5920, 元富宜蘭,0035003900320055,,
 元    富,5920, 元富桃園,0035003900320076,,
 元    富,5920, 元富吉利,0035003900320057,,
 元    富,5920, 元富佳里,0035003900320077,,
 元    富,5920, 元富草屯,0035003900320058,,
 元    富,5920, 元富花蓮,0035003900320079,,
 元    富,5920, 元富埔里,0035003900320059,,
 元    富,5920, 元富文心,003500390032007a,,
 元    富,5920, 元富安南,003500390032005a,,
 元    富,5920, 元富國際,0035003900320066,,
日茂,5960,日茂,5960,,
日茂,5960,日茂南投,5962,,
日茂,5960,日茂埔里,5961,,
日進,5660,日進,5660,,
北城,7750,北城,7750,,
台中銀,6110,台中銀,6110,,
台中銀,6110,台中銀台北,6115,,
台中銀,6110,台中銀員林,6114,,
台中銀,6110,台中銀高雄,6116,,
台中銀,6110,台中銀豐原,0036003100310041,,
台安,7120,台安,7120,,
台    新,8150,台    新,8150,,
台    新,8150,台新建北,8151,,
台    新,8150,台新新莊,8152,,
台    新,8150,台新三民,8156,,
台    新,8150,台新左楠,8157,,
台    新,8150,台新松江,8158,,
台    新,8150,台新台南,8159,,
台    新,8150,台新高雄,0038003100350041,,
台    新,8150,台新台中,0038003100350042,,
台    新,8150,台新屏東,0038003100350048,,
台    新,8150,台新中壢,0038003100350053,,
台    新,8150,台新新營,0038003100350059,,
台    新,8150,台新國際,003800310035005a,,
台新銀,3000,台新銀,3000,,
台灣工銀,1090,台灣工銀,1090,,
台灣巴克萊,8910,台灣巴克萊,8910,,
 企    銀 ,1110, 企    銀 ,1110,,
 企    銀 ,1110, 企銀台中 ,1111,,
 企    銀 ,1110, 企銀台南 ,1112,,
 企    銀 ,1110, 企銀九如 ,1113,,
 企    銀 ,1110, 企銀嘉義 ,1114,,
 企    銀 ,1110, 企銀太平 ,1115,,
 企    銀 ,1110, 企銀屏東 ,1116,,
 企    銀 ,1110, 企銀竹北 ,1117,,
 企    銀 ,1110, 企銀豐原 ,1118,,
 企    銀 ,1110, 企銀岡山 ,1119,,
 企    銀 ,1110, 企銀民雄 ,0031003100310041,,
 企    銀 ,1110, 台企建成 ,0031003100310042,,
 企    銀 ,1110, 企銀桃園 ,0031003100310045,,
 企    銀 ,1110, 企銀北高 ,0031003100310046,,
 企    銀 ,1110, 企銀埔墘 ,0031003100310047,,
 企    銀 ,1110, 企銀三民,0031003100310043,,
台灣匯立證卷,1380,台灣匯立證卷,1380,,
台灣摩根士丹利,1470,台灣摩根士丹利,1470,,
永全,6450,永全,6450,,
永全,6450,永全八德,6452,,
永全,6450,永全南崁,6451,,
永興,5600,永興,5600,,
永興,5600,永興大墩,5604,,
永興,5600,永興水湳,5602,,
永興,5600,永興台中,5603,,
永豐金  ,9A00,永豐金  ,0039004100300030,,
永豐金  ,9A00,永豐鳳山,0039004100360031,,
永豐金  ,9A00,永豐屏東,0039004100360039,,
永豐金  ,9A00,永豐埔里,0039004100370039,,
永豐金  ,9A00,永豐敦北,0039004100380039,,
永豐金  ,9A00,永豐敦南,0039004100380046,,
永豐金  ,9A00,永豐松山,0039004100390031,,
永豐金  ,9A00,永豐萬盛,0039004100390032,,
永豐金  ,9A00,永豐新竹,0039004100390037,,
永豐金  ,9A00,永豐大園,0039004100390038,,
永豐金  ,9A00,永豐中壢,0039004100390039,,
永豐金  ,9A00,永豐苓雅,0039004100390061,,
永豐金  ,9A00,永豐羅東,0039004100390041,,
永豐金  ,9A00,永豐中和,0039004100390042,,
永豐金  ,9A00,永豐虎尾,0039004100390062,,
永豐金  ,9A00,永豐永康,0039004100390063,,
永豐金  ,9A00,永豐員林,0039004100390043,,
永豐金  ,9A00,永豐古亭,0039004100390064,,
永豐金  ,9A00,永豐忠孝,0039004100390044,,
永豐金  ,9A00,永豐高雄,0039004100390065,,
永豐金  ,9A00,永豐內湖,0039004100390067,,
永豐金  ,9A00,永豐天母,0039004100390047,,
永豐金  ,9A00,永豐台南,0039004100390068,,
永豐金  ,9A00,永豐新莊,0039004100390048,,
永豐金  ,9A00,永豐新店,0039004100390069,,
永豐金  ,9A00,永豐板新,003900410039004a,,
永豐金  ,9A00,永豐嘉義,003900410039006a,,
永豐金  ,9A00,永豐三重,003900410039004b,,
永豐金  ,9A00,永豐台中,003900410039004c,,
永豐金  ,9A00,永豐南投,003900410039004d,,
永豐金  ,9A00,永豐桃盛,003900410039004e,,
永豐金  ,9A00,永豐竹北,0039004100390050,,
永豐金  ,9A00,永豐潮州,0039004100390071,,
永豐金  ,9A00,永豐豐原,0039004100390051,,
永豐金  ,9A00,永豐北高,0039004100390072,,
永豐金  ,9A00,永豐信義,0039004100390052,,
永豐金  ,9A00,永豐南京,0039004100390053,,
永豐金  ,9A00,永豐彰化,0039004100390073,,
永豐金  ,9A00,永豐中正,0039004100390055,,
永豐金  ,9A00,永豐市政,0039004100390057,,
永豐金  ,9A00,永豐竹科,0039004100390058,,
永豐金  ,9A00,永豐桃園,0039004100390078,,
永豐金  ,9A00,永豐板盛,0039004100390059,,
永豐金  ,9A00,永豐復興,003900410039005a,,
永豐金  ,9A00,永豐國際證卷,0039004100380038,,
永豐金  ,9A00,永豐經幾部,0039004100390035,,
玉    山,8840,玉    山,8840,,
玉    山,8840,玉山雙和,8841,,
玉    山,8840,玉山新莊,8842,,
玉    山,8840,玉山高雄,8843,,
玉    山,8840,玉山板橋,8846,,
玉    山,8840,玉山台南,8847,,
玉    山,8840,玉山嘉義,8848,,
玉    山,8840,玉山景美,8849,,
玉    山,8840,玉山士林,0038003800340041,,
玉    山,8840,玉山台中,0038003800340042,,
玉    山,8840,玉山南京,0038003800340043,,
玉    山,8840,玉山左營,0038003800340044,,
玉    山,8840,玉山城中,0038003800340045,,
玉    山,8840,玉山桃園,0038003800340046,,
玉    山,8840,玉山新竹,0038003800340048,,
玉    山,8840,玉山大里,003800380034004a,,
玉    山,8840,玉山數位,003800380034004d,,
玉    山,8840,玉山國際證卷,003800380034004c,,
石橋,7080,石橋,7080,,
光和,6380,光和,6380,,
兆豐    ,7000,兆豐    ,7000,,
兆豐    ,7000,兆豐嘉義,7001,,
兆豐    ,7000,兆豐台中,7003,,
兆豐    ,7000,兆豐中港,7005,,
兆豐    ,7000,兆豐台南,7006,,
兆豐    ,7000,兆豐竹北,7007,,
兆豐    ,7000,兆豐三重,7008,,
兆豐    ,7000,兆豐景美,7009,,
兆豐    ,7000,兆豐忠孝,0037003000300061,,
兆豐    ,7000,兆豐中壢,0037003000300062,,
兆豐    ,7000,兆豐板橋,0037003000300042,,
兆豐    ,7000,兆豐民生,0037003000300063,,
兆豐    ,7000,兆豐來福,0037003000300043,,
兆豐    ,7000,兆豐西螺,0037003000300044,,
兆豐    ,7000,兆豐彰化,0037003000300064,,
兆豐    ,7000,兆豐虎尾,0037003000300046,,
兆豐    ,7000,兆豐鹿港,0037003000300066,,
兆豐    ,7000,兆豐南門,0037003000300067,,
兆豐    ,7000,兆豐麻豆,0037003000300047,,
兆豐    ,7000,兆豐三民,0037003000300068,,
兆豐    ,7000,兆豐東門,0037003000300048,,
兆豐    ,7000,兆豐北高,0037003000300049,,
兆豐    ,7000,兆豐松德,0037003000300069,,
兆豐    ,7000,兆豐大安,003700300030006a,,
兆豐    ,7000,兆豐公益,003700300030004a,,
兆豐    ,7000,兆豐員林,003700300030006b,,
兆豐    ,7000,兆豐新營,003700300030004b,,
兆豐    ,7000,兆豐天母,003700300030004c,,
兆豐    ,7000,兆豐桃園,003700300030004d,,
兆豐    ,7000,兆豐埔墘,003700300030004e,,
兆豐    ,7000,兆豐南京,0037003000300050,,
兆豐    ,7000,兆豐復興,0037003000300070,,
兆豐    ,7000,兆豐內湖,0037003000300071,,
兆豐    ,7000,兆豐小港,0037003000300052,,
兆豐    ,7000,兆豐寶成,0037003000300072,,
兆豐    ,7000,兆豐大同,0037003000300053,,
兆豐    ,7000,兆豐岡山,0037003000300073,,
兆豐    ,7000,兆豐桃鶯,0037003000300055,,
兆豐    ,7000,兆豐新竹,0037003000300056,,
兆豐    ,7000,兆豐城中,0037003000300057,,
兆豐    ,7000,兆豐新莊,0037003000300077,,
兆豐    ,7000,兆豐永和,0037003000300058,,
兆豐    ,7000,兆豐高雄,003700300030005a,,
兆豐    ,7000,兆豐國際,003700300030006d,,
合　　庫,1020,合　　庫,1020,,
合　　庫,1020,合庫台中,1021,,
合　　庫,1020,合庫台南,1022,,
合　　庫,1020,合庫高雄,1023,,
合　　庫,1020,合庫嘉義,1024,,
合　　庫,1020,合庫基隆,1025,,
合　　庫,1020,合庫彰化,1028,,
合　　庫,1020,合庫鳳山,1029,,
合　　庫,1020,合庫新竹,0031003000320041,,
合　　庫,1020,合庫自強,0031003000320043,,
合　　庫,1020,合庫桃園,0031003000320045,,
合　　庫,1020,合庫西台,0031003000320046,,
合　　庫,1020,合庫三重,0031003000320047,,
合　　庫,1020,合庫國際 ,0031003000320051,,
安泰,8380,安泰,8380,,
安泰,8380,安泰大發,8381,,
安泰,8380,安泰楠梓,8382, ,
宏遠,1260,宏遠,1260,,
宏遠,1260,宏遠民生,1261,,
宏遠,1260,宏遠桃園,1262,,
宏遠,1260,宏遠台南,0031003200360044,,
宏遠,1260,宏遠中和,0031003200360048,,
宏遠,1260,宏遠光隆,0031003200360069,,
宏遠,1260,宏遠台中,003100320036004c,,
宏遠,1260,宏遠高雄,0031003200360051,,
宏遠,1260,宏遠館前,0031003200360055,,
宏遠,1260,宏遠新化,0031003200360058,,
 ,2180,亞    東 ,2180,,
亞    東 ,2180,亞東板橋 ,2181,,
亞    東 ,2180,亞東新竹 ,2184,,
亞    東 ,2180,亞東台南 ,2185,,
亞    東 ,2180,亞東高雄 ,2186,,
亞    東 ,2180,亞東台中 ,2187,,
亞    東 ,2180,亞東國際,0032003100380041,,
京城,8490,京城,8490,,
京城,8490,京城嘉義,8492,,
和興,6660,和興,6660,,
法國巴黎,8900,法國巴黎,8900,,
花旗,8700,花旗,8700,,
花旗環球,1590,花旗環球,1590,,
金興,7690,金興,7690,,
盈溢,5860,盈溢,5860,,
盈溢,5860,盈溢楠梓,5862,,
盈溢,5860,盈溢離子內,5861,,
美林,1440,美林,1440,,
美商高盛,1480,美商高盛,1480,,
美好,5260,美好,5260,,
美    好,5260,美    好,5260,,
美    好,5260,美好蘆洲,5261,,
美    好,5260,美好楊梅,5262,,
美    好,5260,美好泰山,5263,,
美    好,5260,美好高雄,5264,,
美    好,5260,美好苗栗,5265,,
美    好,5260,美好中壢,5266,,
美    好,5260,美好基隆,5267,,
美    好,5260,美好台南,5268,,
美    好,5260,美好台中,5269,,
美    好,5260,美好中和,0035003200360041,,
美    好,5260,美好富順,003500320036004b,,
美    好,5260,美好市政,003500320036004d,,
致和,7030,致和,7030,,
致和,7030,致和台北,7031,,
致和,7030,致和佳里,7032,,
致和,7030,致和府前,7033,,
致和,7030,致和金華,7034,,
致和,7030,致和東門,7035,,
致和,7030,致和高雄,7036,,
致和,7030,致和南京,7038,,
致和,7030,致和崇德,0037003000330042,,
香港上海匯,8960,香港上海匯,8960,,
高    橋,5320,高    橋,5320,,
高    橋,5320,高橋龍潭,5321,,
高    橋,5320,高橋中壢,5322,,
高    橋,5320,高橋內壢,5323,,
國泰,8880,國泰,8880,,
國泰,8880,國泰高雄,8881,,
國泰,8880,國泰台中,8882,,
國泰,8880,國泰松江,8883,,
國泰,8880,國泰台南,8884,,
國泰,8880,國泰桃園,8885,,
國泰,8880,國泰新莊,8886,,
國泰,8880,國泰忠孝,8887,,
國泰,8880,國泰敦南,8888,,
國泰,8880,國泰館前,0038003800380041,,
國泰,8880,國泰板橋,003800380038004b,,
國泰,8880,國泰國際,0038003800380051,,
國票綜合,7790,國票綜合,7790,,
國票綜合,7790,國票台東,7791,,
國票綜合,7790,國票北投,7792,,
國票綜合,7790,國票南港,7795,,
國票綜合,7790,國票中正,7797,,
國票綜合,7790,國票內壢,7798,,
國票綜合,7790,國票敦北,0037003700390063,,
國票綜合,7790,國票台南,0037003700390044,,
國票綜合,7790,國票南科,0037003700390065,,
國票綜合,7790,國票南崁,0037003700390045,,
國票綜合,7790,國票新莊,0037003700390047,,
國票綜合,7790,國票嘉義,0037003700390048,,
國票綜合,7790,國票北高,003700370039004a,,
國票綜合,7790,國票和平,003700370039006a,,
國票綜合,7790,國票中港,003700370039006d,,
國票綜合,7790,國票南京,003700370039006e,,
國票綜合,7790,國票九鼎,0037003700390050,,
國票綜合,7790,國票桃園,0037003700390072,,
國票綜合,7790,國票長城,0037003700390075,,
國票綜合,7790,國票天祥,0037003700390056,,
國票綜合,7790,國票台中,0037003700390076,,
國票綜合,7790,國票彰化,0037003700390057,,
國票綜合,7790,國票中和,0037003700390058,,
國票綜合,7790,國票安和,003700370039005a,,
國票綜合,7790,國票博愛,003700370039007a,,
國票綜合,7790,國票國際,0037003700390062,,
康    和,8450,康    和,8450,,
康    和,8450,康和延平,8451,,
康    和,8450,康和台中,8455,,
康    和,8450,康和新竹,8456,,
康    和,8450,康和台南,8458,,
康    和,8450,康和嘉義,8459,,
康    和,8450,康和內湖,0038003400350041,,
康    和,8450,康和永和,0038003400350042,,
康    和,8450,康和板橋,0038003400350044,,
康    和,8450,康和澎湖,0038003400350045,,
康    和,8450,康和仁愛,0038003400350046,,
康    和,8450,康和高雄,003800340035004a,,
康    和,8450,康和石牌,0038003400350052,,
康    和,8450,康和南崁,0038003400350053,,
康    和,8450,康和屏東,0038003400350058,,
康    和,8450,康和台北,0038003400350055,,
康    和,8450,康和國際,0038003400350059,,
第一金證,5380,第一金證,5380,,
第一金證,5380,第一員林,5381,,
第一金證,5380,第一台中,5382,,
第一金證,5380,第一高雄,5383,,
第一金證,5380,第一台南,5384,,
第一金證,5380,第一桃園,5385,,
第一金證,5380,第一彰化,5386,,
第一金證,5380,第一澎湖,5387,,
第一金證,5380,第一中山,5389,,
第一金證,5380,第一新興,0035003300380041,,
第一金證,5380,第一新竹,0035003300380042,,
第一金證,5380,第一光復,0035003300380043,,
第一金證,5380,第一忠孝,0035003300380044,,
第一金證,5380,第一自由,0035003300380045,,
第一金證,5380,第一稻埕,0035003300380046,,
第一金證,5380,第一頭份,0035003300380049,,
第一金證,5380,第一安和,003500330038006a,,
第一金證,5380,第一嘉義,003500330038004d,,
第一金證,5380,第一豐原,003500330038004e,,
第一金證,5380,第一路竹,0035003300380050,,
第一金證,5380,第一華江,0035003300380057,,
第一金證,5380,第一中壢,0035003300380059,,
第一金證,5380,第一國際,0035003300380061,,
第一金證,5380,第一經紀部,003500330038004c,,
統    一  ,5850,統    一  ,5850,,
統    一  ,5850,統一高雄  ,5851,,
統    一  ,5850,統一敦南  ,5852,,
統    一  ,5850,統一中壢  ,5853,,
統    一  ,5850,統一城中  ,5854,,
統    一  ,5850,統一台南  ,5855,,
統    一  ,5850,統一台中  ,5856,,
統    一  ,5850,統一新竹  ,5857,,
統    一  ,5850,統一嘉義  ,5858,,
統    一  ,5850,統一屏東  ,5859,,
統    一  ,5850,統一基隆  ,0035003800350041,,
統    一  ,5850,統一內湖  ,0035003800350062,,
統    一  ,5850,統一永和  ,0035003800350042,,
統    一  ,5850,統一仁愛  ,0035003800350063,,
統    一  ,5850,統一新台中,0035003800350044,,
統    一  ,5850,統一新營  ,0035003800350045,,
統    一  ,5850,統一彰化  ,0035003800350046,,
統    一  ,5850,統一平鎮  ,0035003800350067,,
統    一  ,5850,統一桃園  ,0035003800350048,,
統    一  ,5850,統一員林  ,0035003800350049,,
統    一  ,5850,統一三重  ,003500380035004a,,
統    一  ,5850,統一士林  ,003500380035004d,,
統    一  ,5850,統一竹南  ,003500380035006d,,
統    一  ,5850,統一板橋  ,0035003800350050,,
統    一  ,5850,統一三多  ,0035003800350051,,
統    一  ,5850,統一汐止  ,0035003800350052,,
統    一  ,5850,統一宜蘭  ,0035003800350053,,
統    一  ,5850,統一南京  ,0035003800350055,,
統    一  ,5850,統一金門  ,0035003800350057,,
統    一  ,5850,統一土城  ,0035003800350059,,
統    一  ,5850,統一松江  ,003500380035005a,,
統    一  ,5850,統一國際,0035003800350073,,
凱基    ,9200,凱基    ,9200,,
凱基    ,9200,凱基中港,9202,,
凱基    ,9200,凱基總公司,9203,,
凱基    ,9200,凱基台中,9204,,
凱基    ,9200,凱基三重,9205,,
凱基    ,9200,凱基高雄,9206,,
凱基    ,9200,凱基永和,9207,,
凱基    ,9200,凱基桃園,9208,,
凱基    ,9200,凱基岡山,9209,,
凱基    ,9200,凱基板橋,0039003200300041,,
凱基    ,9200,凱基雙和,0039003200300043,,
凱基    ,9200,凱基市府,0039003200300044,,
凱基    ,9200,凱基站前,0039003200300046,,
凱基    ,9200,凱基彰化,0039003200300047,,
凱基    ,9200,凱基基隆,0039003200300048,,
凱基    ,9200,凱基宜蘭,003900320030004d,,
凱基    ,9200,凱基湖口,003900320030004e,,
凱基    ,9200,凱基新店,0039003200300056,,
凱基    ,9200,凱基大里,0039003200300057,,
凱基    ,9200,凱基台東,003900320030005a,,
凱基    ,9200,凱基台南,9211,,
凱基    ,9200,凱基東港,9212,,
凱基    ,9200,凱基高美,9215,,
凱基    ,9200,凱基信義,9216,,
凱基    ,9200,凱基松山,9217,,
凱基    ,9200,凱基大直,9218,,
凱基    ,9200,凱基民權,0039003200310043,,
凱基    ,9200,凱基三峽,0039003200310045,,
凱基    ,9200,凱基五股,0039003200310047,,
凱基    ,9200,凱基土城,003900320031004a,,
凱基    ,9200,凱基八德,003900320031004d,,
凱基    ,9200,凱基新莊,0039003200310053,,
凱基    ,9200,凱基東勢,0039003200310059,,
凱基    ,9200,凱基豐中,9223,,
凱基    ,9200,凱基內埔,9225,,
凱基    ,9200,凱基汐止,9226,,
凱基    ,9200,凱基城中,9227,,
凱基    ,9200,凱基中山,9229,,
凱基    ,9200,凱基屏東,0039003200320043,,
凱基    ,9200,凱基員林,9231,,
凱基    ,9200,凱基長庚,9233,,
凱基    ,9200,凱基竹北,9234,,
凱基    ,9200,凱基永華,9235,,
凱基    ,9200,凱基虎尾,9236,,
凱基    ,9200,凱基敦北,9237,,
凱基    ,9200,凱基士林,9238,,
凱基    ,9200,凱基市政,9239,,
凱基    ,9200,凱基嘉義,9252,,
凱基    ,9200,凱基科園,9254,,
凱基    ,9200,凱基和平,9255,,
凱基    ,9200,凱基南崁,9256,,
凱基    ,9200,凱基林口,9257,,
凱基    ,9200,凱基羅東,9258,,
凱基    ,9200,凱基新豐,9266,,
凱基    ,9200,凱基台北,9268,,
凱基    ,9200,凱基竹科,9272,,
凱基    ,9200,凱基竹東,9273,,
凱基    ,9200,凱基鳳山,9274,,
凱基    ,9200,凱基三多,9275,,
凱基    ,9200,凱基苗栗,9276,,
凱基    ,9200,凱基永康,9278,,
凱基    ,9200,凱基斗六,9281,,
凱基    ,9200,凱基北門,9283,,
凱基    ,9200,凱基中壢,9285,,
凱基    ,9200,凱基內湖,9287,,
凱基    ,9200,凱基埔墘,9288,,
凱基    ,9200,凱基興隆,9289,,
凱基    ,9200,凱基大安,9291,,
凱基    ,9200,凱基頭份,9296,,
凱基    ,9200,凱基文心,9297,,
凱基    ,9200,凱基天母,0039003200310046,,
凱基    ,9200,凱基竹北理財,0039003200300045,,
凱基    ,9200,凱基國際,9299,,
富邦    ,9600,富邦    ,9600,,
富邦    ,9600,富邦陽明,9604,,
富邦    ,9600,富邦台東,9608,,
富邦    ,9600,富邦基隆,9614,,
富邦    ,9600,富邦岡山,9616,,
富邦    ,9600,富邦南京,0039003600310043,,
富邦    ,9600,富邦公益,0039003600310046,,
富邦    ,9600,富邦新板,0039003600310048,,
富邦    ,9600,富邦七賢,003900360031004b,,
富邦    ,9600,富邦木柵,003900360031004d,,
富邦    ,9600,富邦青埔,003900360031004e,,
富邦    ,9600,富邦和美,0039003600310050,,
富邦    ,9600,富邦南員,0039003600310052,,
富邦    ,9600,富邦屏東,0039003600310059,,
富邦    ,9600,富邦永康,003900360031005a,,
富邦    ,9600,富邦花蓮,9621,,
富邦    ,9600,富邦台北,9623,,
富邦    ,9600,富邦竹北,9624,,
富邦    ,9600,富邦竹東,9625,,
富邦    ,9600,富邦內湖,9627,,
富邦    ,9600,富邦南港,0039003600320041,,
富邦    ,9600,富邦二林,0039003600320042,,
富邦    ,9600,富邦竹科,0039003600320052,,
富邦    ,9600,富邦新莊,0039003600320044,,
富邦    ,9600,富邦樹林,0039003600320045,,
富邦    ,9600,富邦斗六,0039003600320047,,
富邦    ,9600,富邦三峽,003900360032004a,,
富邦    ,9600,富邦頭份,0039003600320050,,
富邦    ,9600,富邦北高,0039003600320051,,
富邦    ,9600,富邦羅東,9634,,
富邦    ,9600,富邦中壢,9636,,
富邦    ,9600,富邦八德,0039003600330041,,
富邦    ,9600,富邦豐原,003900360033004c,,
富邦    ,9600,富邦新竹,9647,,
富邦    ,9600,富邦永和,9654,,
富邦    ,9600,富邦板橋,9655,,
富邦    ,9600,富邦苗栗,9657,,
富邦    ,9600,富邦建國,9658,,
富邦    ,9600,富邦高雄,9659,,
富邦    ,9600,富邦台中,003900360035004b,,
富邦    ,9600,富邦彰化,0039003600350055,,
富邦    ,9600,富邦新店,9661,,
富邦    ,9600,富邦敦南,9663,,
富邦    ,9600,富邦桃園,9665,,
富邦    ,9600,富邦南屯,9666,,
富邦    ,9600,富邦台南,9667,,
富邦    ,9600,富邦左營,0039003600360046,,
富邦    ,9600,富邦員林,9672,,
富邦    ,9600,富邦仁愛,9676,,
富邦    ,9600,富邦三重,9677,,
富邦    ,9600,富邦宜蘭,9686,,
富邦    ,9600,富邦嘉義,9692,,
富邦    ,9600,富邦新營,9693,,
富邦    ,9600,富邦虎尾,9697,,
富邦    ,9600,富邦經紀,9699,,
富邦    ,9600,富邦北港,0039003600390043,,
富邦    ,9600,富邦東門,0039003600320043,,
富邦    ,9600,富邦國際,0039003600300053,,
富順,7530,富順,7530,,
港商法國興業,1570,港商法國興業,1570,,
港商野村,1560,港商野村,1560,,
港商麥格理,1360,港商麥格理,1360,,
港商聯昌,1660,港商聯昌,1660,,
港商蘇皇,1400,港商蘇皇,1400,,
渣打商銀,6640,渣打商銀,6640,,
華南永昌,9300,華南永昌,9300,,
華南永昌,9300,華南台中,9302,,
華南永昌,9300,華南高雄,9303,,
華南永昌,9300,華南新莊,9305,,
華南永昌,9300,華南台南,9306,,
華南永昌,9300,華南大安,9307,,
華南永昌,9300,華南麻豆,9308,,
華南永昌,9300,華南古亭,9309,,
華南永昌,9300,華南民權,9312,,
華南永昌,9300,華南嘉義,9314,,
華南永昌,9300,華南大甲,9315,,
華南永昌,9300,華南淡水,9316,,
華南永昌,9300,華南林口,9317,,
華南永昌,9300,華南鶯歌,9319,,
華南永昌,9300,華南基隆,9322,,
華南永昌,9300,華南小港,9323,,
華南永昌,9300,華南岡山,9324,,
華南永昌,9300,華南忠孝,9325,,
華南永昌,9300,華南南京,9326,,
華南永昌,9300,華南斗六,9327,,
華南永昌,9300,華南潮州,9328,,
華南永昌,9300,華南朴子,9329,,
華南永昌,9300,華南鳳山,9331,,
華南永昌,9300,華南楠梓,9332,,
華南永昌,9300,華南長虹,9333,,
華南永昌,9300,華南世貿,9334,,
華南永昌,9300,華南內壢,9337,,
華南永昌,9300,華南竹北,9339,,
華南永昌,9300,華南頭份,9343,,
華南永昌,9300,華南敦南,9347,,
華南永昌,9300,華南板橋,9349,,
華南永昌,9300,華南桃園,9352,,
華南永昌,9300,華南東勢,9358,,
華南永昌,9300,華南中正,9359,,
華南永昌,9300,華南苗栗,9362,,
華南永昌,9300,華南彰化,9363,,
華南永昌,9300,華南豐原,9366,,
華南永昌,9300,華南三重,9369,,
華南永昌,9300,華南虎尾,9377,,
華南永昌,9300,華南東昇,9386,,
華南永昌,9300,華南國際,9399,,
陽信,8710,陽信,8710,,
陽信,8710,陽信台南,8714,,
陽信,8710,陽信石碑,8711,,
陽信,8710,陽信高雄,8713,,
新加坡商瑞銀,1650,新加坡商瑞銀,1650,,
新光,8560,新光,8560,,
新光,8560,新光台中,8561,,
新光,8560,新光台南,8564,,
新光,8560,新光桃園,8565,,
新光,8560,新光高雄,8562,,
新光,8560,新光新竹,8563,,
新百王,6210,新百王,6210,,
新壽,8690,新壽,8690,,
群益    ,9100,群益    ,9100,,
群益    ,9100,群益敦南,9101,,
群益    ,9100,群益松山,9103,,
群益    ,9100,群益高盛,9105,,
群益    ,9100,群益海山,9108,,
群益    ,9100,群益市府,0039003100300044,,
群益    ,9100,群益民權,9131,,
群益    ,9100,群益開元,9134,,
群益    ,9100,群益東大,9135,,
群益    ,9100,群益西松,9136,,
群益    ,9100,群益士林,9137,,
群益    ,9100,群益中港,9138,,
群益    ,9100,群益潭子,0039003100330044,,
群益    ,9100,群益基隆,0039003100330045,,
群益    ,9100,群益三重,0039003100330067,,
群益    ,9100,群益屏東,0039003100330048,,
群益    ,9100,群益萬華,0039003100330049,,
群益    ,9100,群益土城,003900310033004e,,
群益    ,9100,群益北高,0039003100330052,,
群益    ,9100,群益崇德,0039003100330055,,
群益    ,9100,群益館前,0039003100330059,,
群益    ,9100,群益總公司,9182,,
群益    ,9100,群益高雄,9183,,
群益    ,9100,群益台中,9184,,
群益    ,9100,群益台南,9185,,
群益    ,9100,群益新竹,9186,,
群益    ,9100,群益彰化,9187,,
群益    ,9100,群益三民,9188,,
群益    ,9100,群益桃園,9189,,
群益    ,9100,群益中壢,0039003100380041,,
群益    ,9100,群益板橋,0039003100380042,,
群益    ,9100,群益古亭,0039003100380043,,
群益    ,9100,群益鳳山,0039003100380063,,
群益    ,9100,群益內湖,0039003100380064,,
群益    ,9100,群益東門,0039003100380044,,
群益    ,9100,群益大安,0039003100380065,,
群益    ,9100,群益南京,0039003100380045,,
群益    ,9100,群益新店,0039003100380046,,
群益    ,9100,群益大甲,0039003100380067,,
群益    ,9100,群益新莊,0039003100380047,,
群益    ,9100,群益中山,0039003100380048,,
群益    ,9100,群益竹南,0039003100380069,,
群益    ,9100,群益永和,003900310038004a,,
群益    ,9100,群益東湖,003900310038004b,,
群益    ,9100,群益建成,003900310038004c,,
群益    ,9100,群益嘉義,003900310038004d,,
群益    ,9100,群益天母,0039003100380050,,
群益    ,9100,群益丹鳳,0039003100380073,,
群益    ,9100,群益瑞豐,0039003100380075,,
群益    ,9100,群益忠孝,0039003100380057,,
群益    ,9100,群益台北,0039003100380058,,
群益    ,9100,群益延平,0039003100380078,,
群益    ,9100,群益宜蘭,003900310038007a,,
群益期貨,2210,群益期貨,2210,,
彰銀,1230,彰銀,1230,,
彰銀,1230,彰銀七賢,1232,,
彰銀,1230,彰銀台中,1233,,
福邦,6480,福邦,6480,,
福邦,6480,福邦,6489,,
福勝,6950,福勝,6950,,
台銀,1040,台銀,1040,,
台銀,1040,台銀民權,1043,,
台銀,1040,台銀金山,0031003000340044,,
台銀,1040,台銀高雄,0031003000340043,,
台銀,1040,台銀新竹,1045,,
台銀,1040,台銀台中,0031003000340041,,
台銀,1040,台銀台南,1042,,
德信,6910,德信,6910,,
德信,6910,德信中正,6912,,
德信,6910,德信和平,6915,,
德信,6910,德信新營,6913,,
摩根大通,8440,摩根大通,8440,,
聯邦商銀,8580,聯邦商銀,8580,,
聯邦商銀,8580,聯邦三重,8585,,
聯邦商銀,8580,聯邦大業,8586,,
聯邦商銀,8580,聯邦忠孝,8583,,
聯邦商銀,8580,聯邦高雄,8581,,
聯邦商銀,8580,聯邦富強,8588,,
聯邦商銀,8580,聯邦嘉義,8582,,
聯邦商銀,8580,聯邦興中,8587,,
聯邦商銀,8580,聯邦雙和,8584,,
豐銀,5500,豐銀,5500,,
豐德,7900,豐德,7900,,
豐興,5690,豐興,5690,,
寶盛,5460,寶盛,5460,,
